<?xml version="1.0"?>
<doc>
    <assembly>
        <name>Boff.Blog.Application.Contracts</name>
    </assembly>
    <members>
        <member name="P:Boff.Blog.Blog.PostDto.Title">
            <summary>
            标题
            </summary>
        </member>
        <member name="P:Boff.Blog.Blog.PostDto.Author">
            <summary>
            作者
            </summary>
        </member>
        <member name="P:Boff.Blog.Blog.PostDto.Url">
            <summary>
            链接
            </summary>
        </member>
        <member name="P:Boff.Blog.Blog.PostDto.Html">
            <summary>
            HTML
            </summary>
        </member>
        <member name="P:Boff.Blog.Blog.PostDto.Markdown">
            <summary>
            Markdown
            </summary>
        </member>
        <member name="P:Boff.Blog.Blog.PostDto.CategoryId">
            <summary>
            分类Id
            </summary>
        </member>
        <member name="P:Boff.Blog.Blog.PostDto.CreationTime">
            <summary>
            创建时间
            </summary>
        </member>
        <member name="P:Boff.Blog.Wallpaper.WallpaperJobItem`1.Result">
            <summary>
            <see cref="P:Boff.Blog.Wallpaper.WallpaperJobItem`1.Result"/>
            </summary>
        </member>
        <member name="P:Boff.Blog.Wallpaper.WallpaperJobItem`1.Type">
            <summary>
            类型
            </summary>
        </member>
    </members>
</doc>
