<?xml version="1.0"?>
<doc>
    <assembly>
        <name>Boff.Blog.Domain</name>
    </assembly>
    <members>
        <member name="T:Boff.Blog.Blog.Category">
            <summary>
            Category
            </summary>
        </member>
        <member name="P:Boff.Blog.Blog.Category.CategoryName">
            <summary>
            分类名称
            </summary>
        </member>
        <member name="P:Boff.Blog.Blog.Category.DisplayName">
            <summary>
            展示名称
            </summary>
        </member>
        <member name="T:Boff.Blog.Blog.FriendLink">
            <summary>
            FriendLink
            </summary>
        </member>
        <member name="P:Boff.Blog.Blog.FriendLink.Title">
            <summary>
            标题
            </summary>
        </member>
        <member name="P:Boff.Blog.Blog.FriendLink.LinkUrl">
            <summary>
            链接
            </summary>
        </member>
        <member name="P:Boff.Blog.Blog.Post.Title">
            <summary>
            标题
            </summary>
        </member>
        <member name="P:Boff.Blog.Blog.Post.Author">
            <summary>
            作者
            </summary>
        </member>
        <member name="P:Boff.Blog.Blog.Post.Url">
            <summary>
            链接
            </summary>
        </member>
        <member name="P:Boff.Blog.Blog.Post.Html">
            <summary>
            HTML
            </summary>
        </member>
        <member name="P:Boff.Blog.Blog.Post.Markdown">
            <summary>
            Markdown
            </summary>
        </member>
        <member name="P:Boff.Blog.Blog.Post.CategoryId">
            <summary>
            分类Id
            </summary>
        </member>
        <member name="P:Boff.Blog.Blog.Post.CreationTime">
            <summary>
            创建时间
            </summary>
        </member>
        <member name="T:Boff.Blog.Blog.PostTag">
            <summary>
            PostTag
            </summary>
        </member>
        <member name="P:Boff.Blog.Blog.PostTag.PostId">
            <summary>
            文章Id
            </summary>
        </member>
        <member name="P:Boff.Blog.Blog.PostTag.TagId">
            <summary>
            标签Id
            </summary>
        </member>
        <member name="T:Boff.Blog.Blog.Tag">
            <summary>
            Tag
            </summary>
        </member>
        <member name="P:Boff.Blog.Blog.Tag.TagName">
            <summary>
            标签名称
            </summary>
        </member>
        <member name="P:Boff.Blog.Blog.Tag.DisplayName">
            <summary>
            展示名称
            </summary>
        </member>
        <member name="T:Boff.Blog.Wallpaper.Repositories.IWallpaperRepository">
            <summary>
            IWallpaperRepository
            </summary>
        </member>
        <member name="M:Boff.Blog.Wallpaper.Repositories.IWallpaperRepository.BulkInsertAsync(System.Collections.Generic.IEnumerable{Boff.Blog.Wallpaper.Wallpaper})">
            <summary>
            批量插入
            </summary>
            <param name="wallpapers"></param>
            <returns></returns>
        </member>
        <member name="P:Boff.Blog.Wallpaper.Wallpaper.Url">
            <summary>
            URL
            </summary>
        </member>
        <member name="P:Boff.Blog.Wallpaper.Wallpaper.Title">
            <summary>
            标题
            </summary>
        </member>
        <member name="P:Boff.Blog.Wallpaper.Wallpaper.Type">
            <summary>
            类型
            </summary>
        </member>
        <member name="P:Boff.Blog.Wallpaper.Wallpaper.CreateTime">
            <summary>
            创建时间
            </summary>
        </member>
    </members>
</doc>
