<?xml version="1.0"?>
<doc>
    <assembly>
        <name>Boff.Blog.Domain</name>
    </assembly>
    <members>
        <member name="T:Boff.Blog.Blog.Category">
            <summary>
            Category
            </summary>
        </member>
        <member name="P:Boff.Blog.Blog.Category.CategoryName">
            <summary>
            分类名称
            </summary>
        </member>
        <member name="P:Boff.Blog.Blog.Category.DisplayName">
            <summary>
            展示名称
            </summary>
        </member>
        <member name="T:Boff.Blog.Blog.FriendLink">
            <summary>
            FriendLink
            </summary>
        </member>
        <member name="P:Boff.Blog.Blog.FriendLink.Title">
            <summary>
            标题
            </summary>
        </member>
        <member name="P:Boff.Blog.Blog.FriendLink.LinkUrl">
            <summary>
            链接
            </summary>
        </member>
        <member name="P:Boff.Blog.Blog.Post.Title">
            <summary>
            标题
            </summary>
        </member>
        <member name="P:Boff.Blog.Blog.Post.Author">
            <summary>
            作者
            </summary>
        </member>
        <member name="P:Boff.Blog.Blog.Post.Url">
            <summary>
            链接
            </summary>
        </member>
        <member name="P:Boff.Blog.Blog.Post.Html">
            <summary>
            HTML
            </summary>
        </member>
        <member name="P:Boff.Blog.Blog.Post.Markdown">
            <summary>
            Markdown
            </summary>
        </member>
        <member name="P:Boff.Blog.Blog.Post.CategoryId">
            <summary>
            分类Id
            </summary>
        </member>
        <member name="P:Boff.Blog.Blog.Post.CreationTime">
            <summary>
            创建时间
            </summary>
        </member>
        <member name="T:Boff.Blog.Blog.PostTag">
            <summary>
            PostTag
            </summary>
        </member>
        <member name="P:Boff.Blog.Blog.PostTag.PostId">
            <summary>
            文章Id
            </summary>
        </member>
        <member name="P:Boff.Blog.Blog.PostTag.TagId">
            <summary>
            标签Id
            </summary>
        </member>
        <member name="T:Boff.Blog.Blog.Tag">
            <summary>
            Tag
            </summary>
        </member>
        <member name="P:Boff.Blog.Blog.Tag.TagName">
            <summary>
            标签名称
            </summary>
        </member>
        <member name="P:Boff.Blog.Blog.Tag.DisplayName">
            <summary>
            展示名称
            </summary>
        </member>
        <member name="T:Boff.Blog.Domain.Configurations.AppSettings">
            <summary>
            appsettings.json配置文件数据读取类
            </summary>
        </member>
        <member name="F:Boff.Blog.Domain.Configurations.AppSettings._config">
            <summary>
            配置文件的根节点
            </summary>
        </member>
        <member name="M:Boff.Blog.Domain.Configurations.AppSettings.#cctor">
            <summary>
            Constructor
            </summary>
        </member>
        <member name="P:Boff.Blog.Domain.Configurations.AppSettings.EnableDb">
            <summary>
            EnableDb
            </summary>
        </member>
        <member name="P:Boff.Blog.Domain.Configurations.AppSettings.ConnectionStrings">
            <summary>
            ConnectionStrings
            </summary>
        </member>
        <member name="T:Boff.Blog.Domain.Configurations.AppSettings.GitHub">
            <summary>
            GitHub
            </summary>
        </member>
        <member name="T:Boff.Blog.Domain.Configurations.AppSettings.Caching">
            <summary>
            Caching
            </summary>
        </member>
        <member name="P:Boff.Blog.Domain.Configurations.AppSettings.Caching.RedisConnectionString">
            <summary>
            RedisConnectionString
            </summary>
        </member>
        <member name="T:Boff.Blog.Domain.Configurations.AppSettings.Hangfire">
            <summary>
            Hangfire
            </summary>
        </member>
        <member name="F:Boff.Blog.Configurations.GitHubConfig.API_Authorize">
            <summary>
            GET请求，跳转GitHub登录界面，获取用户授权，得到code
            </summary>
        </member>
        <member name="F:Boff.Blog.Configurations.GitHubConfig.API_AccessToken">
            <summary>
            POST请求，根据code得到access_token
            </summary>
        </member>
        <member name="F:Boff.Blog.Configurations.GitHubConfig.API_User">
            <summary>
            GET请求，根据access_token得到用户信息
            </summary>
        </member>
        <member name="F:Boff.Blog.Configurations.GitHubConfig.UserId">
            <summary>
            Github UserId
            </summary>
        </member>
        <member name="F:Boff.Blog.Configurations.GitHubConfig.Client_ID">
            <summary>
            Client ID
            </summary>
        </member>
        <member name="F:Boff.Blog.Configurations.GitHubConfig.Client_Secret">
            <summary>
            Client Secret
            </summary>
        </member>
        <member name="F:Boff.Blog.Configurations.GitHubConfig.Redirect_Uri">
            <summary>
            Authorization callback URL
            </summary>
        </member>
        <member name="F:Boff.Blog.Configurations.GitHubConfig.ApplicationName">
            <summary>
            Application name
            </summary>
        </member>
    </members>
</doc>
